mtry,RMSE
2,2.8813941
3,2.7404791
7,2.1981075
14,1.7899898
29,1.4833485
56,1.2881972
111,1.130873
217,1.0250195
425,0.9479685
830,0.9114463
1623,0.9055821
3172,0.9691001
